{"cameraMode":{"drawMode":0,"name":"Shaded","section":"Shading Mode"},"sceneLighting":false,"audioPlay":false,"sceneViewState":{"showFog":true,"showMaterialUpdate":true,"showSkybox":false,"showFlares":true,"showImageEffects":true,"showParticleSystems":true},"in2DMode":false,"pivot":{"x":372.8900146484375,"y":2.1599998474121095,"z":121.02999877929688},"rotation":{"x":-0.11490866541862488,"y":0.07485892623662949,"z":-0.00894556101411581,"w":-0.9906970858573914},"size":183.97068786621095,"orthographic":false}