{"cameraMode":{"drawMode":0,"name":"Shaded","section":"Shading Mode"},"sceneLighting":false,"audioPlay":false,"sceneViewState":{"showFog":true,"showMaterialUpdate":false,"showSkybox":false,"showFlares":true,"showImageEffects":true,"showParticleSystems":true},"in2DMode":false,"pivot":{"x":0.4306119978427887,"y":-0.03438315540552139,"z":-1.9489949941635132},"rotation":{"x":-0.1707606017589569,"y":-0.7337150573730469,"z":0.20000046491622926,"w":-0.6265678405761719},"size":4.42894172668457,"orthographic":false}