{"cameraMode":{"drawMode":0,"name":"Shaded","section":"Shading Mode"},"sceneLighting":true,"audioPlay":false,"sceneViewState":{"showFog":true,"showMaterialUpdate":true,"showSkybox":true,"showFlares":true,"showImageEffects":true,"showParticleSystems":true},"in2DMode":false,"pivot":{"x":336.7440490722656,"y":-2.1696789264678957,"z":157.73245239257813},"rotation":{"x":-0.03551400825381279,"y":0.7397836446762085,"z":-0.039856698364019397,"w":-0.6709994077682495},"size":40.010372161865237,"orthographic":false}