{"cameraMode":{"drawMode":0,"name":"Shaded","section":"Shading Mode"},"sceneLighting":false,"audioPlay":false,"sceneViewState":{"showFog":true,"showMaterialUpdate":false,"showSkybox":false,"showFlares":true,"showImageEffects":true,"showParticleSystems":true},"in2DMode":false,"pivot":{"x":5.226420879364014,"y":-1.6625760793685914,"z":-2.098505973815918},"rotation":{"x":0.03781649097800255,"y":0.8410710096359253,"z":-0.05804143473505974,"w":0.5371871590614319},"size":14.850000381469727,"orthographic":false}