{"cameraMode":{"drawMode":0,"name":"Shaded","section":"Shading Mode"},"sceneLighting":false,"audioPlay":false,"sceneViewState":{"showFog":true,"showMaterialUpdate":false,"showSkybox":false,"showFlares":true,"showImageEffects":true,"showParticleSystems":true},"in2DMode":false,"pivot":{"x":290.7095031738281,"y":4.6028032302856449,"z":100.51374816894531},"rotation":{"x":0.09652859717607498,"y":0.692200243473053,"z":-0.09421244263648987,"w":0.7089887857437134},"size":83.98106384277344,"orthographic":false}