{"cameraMode":{"drawMode":0,"name":"Shaded","section":"Shading Mode"},"sceneLighting":false,"audioPlay":false,"sceneViewState":{"showFog":true,"showMaterialUpdate":false,"showSkybox":false,"showFlares":true,"showImageEffects":true,"showParticleSystems":true},"in2DMode":false,"pivot":{"x":7.787749290466309,"y":10.594191551208496,"z":-18.304452896118165},"rotation":{"x":-0.08157770335674286,"y":0.07685767114162445,"z":-0.006404499989002943,"w":-0.9939610958099365},"size":20.016706466674806,"orthographic":false}