{"cameraMode":{"drawMode":0,"name":"Shaded","section":"Shading Mode"},"sceneLighting":false,"audioPlay":false,"sceneViewState":{"showFog":true,"showMaterialUpdate":false,"showSkybox":false,"showFlares":true,"showImageEffects":true,"showParticleSystems":true},"in2DMode":false,"pivot":{"x":5.036484241485596,"y":-0.5363876819610596,"z":-14.963830947875977},"rotation":{"x":-0.041144054383039477,"y":-0.9254921674728394,"z":0.10416293889284134,"w":-0.3625929653644562},"size":11.186432838439942,"orthographic":false}