{"cameraMode":{"drawMode":0,"name":"Shaded","section":"Shading Mode"},"sceneLighting":false,"audioPlay":false,"sceneViewState":{"showFog":true,"showMaterialUpdate":true,"showSkybox":false,"showFlares":true,"showImageEffects":true,"showParticleSystems":true},"in2DMode":false,"pivot":{"x":0.0,"y":2.3913609981536867,"z":-1.8955795764923096},"rotation":{"x":-0.0034299567341804506,"y":0.9956101179122925,"z":-0.07873780280351639,"w":-0.05048884078860283},"size":56.14220428466797,"orthographic":false}