{"cameraMode":{"drawMode":0,"name":"Shaded","section":"Shading Mode"},"sceneLighting":false,"audioPlay":false,"sceneViewState":{"showFog":true,"showMaterialUpdate":false,"showSkybox":false,"showFlares":true,"showImageEffects":true,"showParticleSystems":true},"in2DMode":false,"pivot":{"x":0.6696323156356812,"y":0.961229145526886,"z":-9.739614486694336},"rotation":{"x":0.02891334891319275,"y":-0.961855411529541,"z":0.11126548051834107,"w":0.2488306313753128},"size":13.929725646972657,"orthographic":false}