{"cameraMode":{"drawMode":0,"name":"Shaded","section":"Shading Mode"},"sceneLighting":false,"audioPlay":false,"sceneViewState":{"showFog":true,"showMaterialUpdate":false,"showSkybox":false,"showFlares":true,"showImageEffects":true,"showParticleSystems":true},"in2DMode":false,"pivot":{"x":0.5111067891120911,"y":0.5088685750961304,"z":0.5058432221412659},"rotation":{"x":-0.12194952368736267,"y":-0.8405224680900574,"z":0.21115942299365998,"w":-0.48406919836997988},"size":4.382165431976318,"orthographic":false}