{"cameraMode":{"drawMode":0,"name":"Shaded","section":"Shading Mode"},"sceneLighting":false,"audioPlay":false,"sceneViewState":{"showFog":true,"showMaterialUpdate":false,"showSkybox":false,"showFlares":true,"showImageEffects":true,"showParticleSystems":true},"in2DMode":false,"pivot":{"x":0.0,"y":2.384185791015625e-7,"z":-1.1920928955078126e-7},"rotation":{"x":-0.06772521883249283,"y":0.9320564270019531,"z":-0.24000325798988343,"w":-0.26338228583335879},"size":2.8578848838806154,"orthographic":false}