{"cameraMode":{"drawMode":0,"name":"Shaded","section":"Shading Mode"},"sceneLighting":true,"audioPlay":false,"sceneViewState":{"showFog":true,"showMaterialUpdate":true,"showSkybox":false,"showFlares":true,"showImageEffects":true,"showParticleSystems":true},"in2DMode":false,"pivot":{"x":5.34499979019165,"y":2.505000114440918,"z":-3.0},"rotation":{"x":0.07911475002765656,"y":-0.31141456961631777,"z":0.027093753218650819,"w":0.9468498826026917},"size":21.885671615600587,"orthographic":false}