{"cameraMode":{"drawMode":0,"name":"Shaded","section":"Shading Mode"},"sceneLighting":false,"audioPlay":false,"sceneViewState":{"showFog":true,"showMaterialUpdate":false,"showSkybox":false,"showFlares":true,"showImageEffects":true,"showParticleSystems":true},"in2DMode":false,"pivot":{"x":6.431098461151123,"y":-10.510397911071778,"z":-34.92747116088867},"rotation":{"x":-0.02219213917851448,"y":-0.9758844971656799,"z":0.18571986258029939,"w":-0.11489373445510864},"size":30.96592903137207,"orthographic":false}