{"cameraMode":{"drawMode":0,"name":"Shaded","section":"Shading Mode"},"sceneLighting":false,"audioPlay":false,"sceneViewState":{"showFog":true,"showMaterialUpdate":false,"showSkybox":false,"showFlares":true,"showImageEffects":true,"showParticleSystems":true},"in2DMode":false,"pivot":{"x":0.6904877424240112,"y":-0.4539230465888977,"z":1.2686793804168702},"rotation":{"x":-0.1707606017589569,"y":-0.7337150573730469,"z":0.20000046491622926,"w":-0.6265678405761719},"size":4.128941535949707,"orthographic":false}