{"cameraMode":{"drawMode":0,"name":"Shaded","section":"Shading Mode"},"sceneLighting":false,"audioPlay":false,"sceneViewState":{"showFog":true,"showMaterialUpdate":false,"showSkybox":false,"showFlares":true,"showImageEffects":true,"showParticleSystems":true},"in2DMode":false,"pivot":{"x":264.91961669921877,"y":215.10702514648438,"z":172.21566772460938},"rotation":{"x":-0.04647566005587578,"y":-0.0188828706741333,"z":0.0008996861288323998,"w":-0.9987851977348328},"size":376.8079833984375,"orthographic":true}