{"cameraMode":{"drawMode":0,"name":"Shaded","section":"Shading Mode"},"sceneLighting":false,"audioPlay":false,"sceneViewState":{"showFog":true,"showMaterialUpdate":false,"showSkybox":false,"showFlares":true,"showImageEffects":true,"showParticleSystems":true},"in2DMode":false,"pivot":{"x":290.7095031738281,"y":4.6028032302856449,"z":100.51374816894531},"rotation":{"x":0.14767765998840333,"y":0.7349106073379517,"z":-0.16957852244377137,"w":0.6398709416389465},"size":23.230186462402345,"orthographic":false}