{"cameraMode":{"drawMode":0,"name":"Shaded","section":"Shading Mode"},"sceneLighting":true,"audioPlay":false,"sceneViewState":{"showFog":true,"showMaterialUpdate":true,"showSkybox":true,"showFlares":true,"showImageEffects":true,"showParticleSystems":true},"in2DMode":false,"pivot":{"x":368.9470520019531,"y":47.0233039855957,"z":161.71804809570313},"rotation":{"x":-0.2724723219871521,"y":0.015344459563493729,"z":-0.012244626879692078,"w":-0.9636562466621399},"size":4.041658401489258,"orthographic":false}