{"cameraMode":{"drawMode":0,"name":"Shaded","section":"Shading Mode"},"sceneLighting":true,"audioPlay":false,"sceneViewState":{"showFog":true,"showMaterialUpdate":true,"showSkybox":true,"showFlares":true,"showImageEffects":true,"showParticleSystems":true},"in2DMode":false,"pivot":{"x":430.8045959472656,"y":-14.528339385986329,"z":76.64392852783203},"rotation":{"x":0.02236858941614628,"y":0.9691336750984192,"z":-0.22729164361953736,"w":0.09427519887685776},"size":35.57047653198242,"orthographic":false}