{"cameraMode":{"drawMode":0,"name":"Shaded","section":"Shading Mode"},"sceneLighting":false,"audioPlay":false,"sceneViewState":{"showFog":true,"showMaterialUpdate":false,"showSkybox":false,"showFlares":true,"showImageEffects":true,"showParticleSystems":true},"in2DMode":false,"pivot":{"x":494.2596435546875,"y":-102.30597686767578,"z":896.1582641601563},"rotation":{"x":-0.053180478513240817,"y":-0.24781662225723267,"z":0.013531717471778393,"w":-0.9673166871070862},"size":1087.0166015625,"orthographic":false}