{"cameraMode":{"drawMode":0,"name":"Shaded","section":"Shading Mode"},"sceneLighting":false,"audioPlay":false,"sceneViewState":{"showFog":true,"showMaterialUpdate":false,"showSkybox":false,"showFlares":true,"showImageEffects":true,"showParticleSystems":true},"in2DMode":false,"pivot":{"x":0.5885581374168396,"y":1.1175504922866822,"z":1.0488786697387696},"rotation":{"x":0.09879695624113083,"y":-0.029892558231949807,"z":0.002984605962410569,"w":0.9946895837783814},"size":4.102878093719482,"orthographic":false}