{"cameraMode":{"drawMode":0,"name":"Shaded","section":"Shading Mode"},"sceneLighting":false,"audioPlay":false,"sceneViewState":{"showFog":true,"showMaterialUpdate":true,"showSkybox":false,"showFlares":true,"showImageEffects":true,"showParticleSystems":true},"in2DMode":false,"pivot":{"x":-1.862645149230957e-7,"y":2.3913609981536867,"z":-1.9139244556427003},"rotation":{"x":0.005590871442109346,"y":0.9937053918838501,"z":-0.10016889870166779,"w":0.04984530434012413},"size":56.14220428466797,"orthographic":false}