{"cameraMode":{"drawMode":0,"name":"Shaded","section":"Shading Mode"},"sceneLighting":false,"audioPlay":false,"sceneViewState":{"showFog":true,"showMaterialUpdate":false,"showSkybox":false,"showFlares":true,"showImageEffects":true,"showParticleSystems":true},"in2DMode":false,"pivot":{"x":-2.8646631240844728,"y":0.2654595375061035,"z":3.855694055557251},"rotation":{"x":0.0568951815366745,"y":-0.40864503383636477,"z":0.025532081723213197,"w":0.9105876088142395},"size":0.416681170463562,"orthographic":false}