{"cameraMode":{"drawMode":0,"name":"Shaded","section":"Shading Mode"},"sceneLighting":true,"audioPlay":false,"sceneViewState":{"showFog":true,"showMaterialUpdate":true,"showSkybox":true,"showFlares":true,"showImageEffects":true,"showParticleSystems":true},"in2DMode":false,"pivot":{"x":433.6796569824219,"y":-8.93355655670166,"z":117.27543640136719},"rotation":{"x":-0.09995137155056,"y":-0.5851067900657654,"z":0.07269864529371262,"w":-0.8016715049743652},"size":44.32728576660156,"orthographic":false}