{"cameraMode":{"drawMode":0,"name":"Shaded","section":"Shading Mode"},"sceneLighting":false,"audioPlay":false,"sceneViewState":{"showFog":true,"showMaterialUpdate":false,"showSkybox":false,"showFlares":true,"showImageEffects":true,"showParticleSystems":true},"in2DMode":false,"pivot":{"x":352.25299072265627,"y":168.29432678222657,"z":171.25852966308595},"rotation":{"x":-0.050973620265722278,"y":-0.014384962618350983,"z":0.0007552686729468405,"w":-0.9986407160758972},"size":291.11419677734377,"orthographic":false}