{"cameraMode":{"drawMode":0,"name":"Shaded","section":"Shading Mode"},"sceneLighting":true,"audioPlay":false,"sceneViewState":{"showFog":true,"showMaterialUpdate":false,"showSkybox":true,"showFlares":true,"showImageEffects":true,"showParticleSystems":true},"in2DMode":false,"pivot":{"x":372.0933532714844,"y":1.3017704486846924,"z":137.20602416992188},"rotation":{"x":0.13307321071624757,"y":-0.47298017144203188,"z":0.07246454805135727,"w":0.8680357933044434},"size":10.656091690063477,"orthographic":false}