{"cameraMode":{"drawMode":0,"name":"Shaded","section":"Shading Mode"},"sceneLighting":true,"audioPlay":false,"sceneViewState":{"showFog":true,"showMaterialUpdate":true,"showSkybox":true,"showFlares":true,"showImageEffects":true,"showParticleSystems":true},"in2DMode":false,"pivot":{"x":387.58233642578127,"y":-9.07460880279541,"z":200.1304931640625},"rotation":{"x":0.06079532206058502,"y":0.05442710965871811,"z":-0.0027511019725352527,"w":0.9966661334037781},"size":107.87203216552735,"orthographic":false}