{"cameraMode":{"drawMode":0,"name":"Shaded","section":"Shading Mode"},"sceneLighting":false,"audioPlay":false,"sceneViewState":{"showFog":true,"showMaterialUpdate":true,"showSkybox":false,"showFlares":true,"showImageEffects":true,"showParticleSystems":true},"in2DMode":false,"pivot":{"x":-35.9656982421875,"y":-1.3369319438934327,"z":-3.4609999656677248},"rotation":{"x":-0.060771264135837558,"y":0.9230725169181824,"z":-0.16368305683135987,"w":-0.3427126407623291},"size":54.56135940551758,"orthographic":false}