{"cameraMode":{"drawMode":0,"name":"Shaded","section":"Shading Mode"},"sceneLighting":true,"audioPlay":false,"sceneViewState":{"showFog":true,"showMaterialUpdate":true,"showSkybox":true,"showFlares":true,"showImageEffects":true,"showParticleSystems":true},"in2DMode":false,"pivot":{"x":372.8542175292969,"y":0.1117766946554184,"z":81.69085693359375},"rotation":{"x":-0.09073327481746674,"y":-0.03215993568301201,"z":0.0027691838331520559,"w":-0.9954466223716736},"size":10.002593040466309,"orthographic":false}