{"cameraMode":{"drawMode":0,"name":"Shaded","section":"Shading Mode"},"sceneLighting":true,"audioPlay":false,"sceneViewState":{"showFog":true,"showMaterialUpdate":false,"showSkybox":true,"showFlares":true,"showImageEffects":true,"showParticleSystems":true},"in2DMode":false,"pivot":{"x":370.47357177734377,"y":3.3362929821014406,"z":110.47683715820313},"rotation":{"x":-0.1536775827407837,"y":0.419892817735672,"z":-0.07240716367959976,"w":-0.891595184803009},"size":10.551274299621582,"orthographic":false}