{"cameraMode":{"drawMode":0,"name":"Shaded","section":"Shading Mode"},"sceneLighting":false,"audioPlay":false,"sceneViewState":{"showFog":true,"showMaterialUpdate":false,"showSkybox":false,"showFlares":true,"showImageEffects":true,"showParticleSystems":true},"in2DMode":false,"pivot":{"x":-6.686884880065918,"y":-5.945377349853516,"z":-26.74915885925293},"rotation":{"x":0.029157588258385659,"y":-0.9706559777259827,"z":0.16078391671180726,"w":0.1779307872056961},"size":23.1735782623291,"orthographic":false}