{"cameraMode":{"drawMode":0,"name":"Shaded","section":"Shading Mode"},"sceneLighting":true,"audioPlay":false,"sceneViewState":{"showFog":true,"showMaterialUpdate":true,"showSkybox":true,"showFlares":true,"showImageEffects":true,"showParticleSystems":true},"in2DMode":false,"pivot":{"x":391.8008117675781,"y":-8.434613227844239,"z":247.79803466796876},"rotation":{"x":0.05892316624522209,"y":0.2311077117919922,"z":-0.014075213111937046,"w":0.9713965654373169},"size":98.80543518066406,"orthographic":false}