{"cameraMode":{"drawMode":0,"name":"Shaded","section":"Shading Mode"},"sceneLighting":false,"audioPlay":false,"sceneViewState":{"showFog":true,"showMaterialUpdate":false,"showSkybox":false,"showFlares":true,"showImageEffects":true,"showParticleSystems":true},"in2DMode":false,"pivot":{"x":357.96240234375,"y":-8.188824653625489,"z":90.24457550048828},"rotation":{"x":0.055735066533088687,"y":0.6996464133262634,"z":-0.05487669259309769,"w":0.7101958394050598},"size":85.9554672241211,"orthographic":false}