{"cameraMode":{"drawMode":0,"name":"Shaded","section":"Shading Mode"},"sceneLighting":true,"audioPlay":false,"sceneViewState":{"showFog":true,"showMaterialUpdate":false,"showSkybox":true,"showFlares":true,"showImageEffects":true,"showParticleSystems":true},"in2DMode":false,"pivot":{"x":307.08404541015627,"y":3.162667751312256,"z":105.39010620117188},"rotation":{"x":-0.09203029423952103,"y":-0.4666668772697449,"z":0.04889284446835518,"w":-0.8782823085784912},"size":4.041658401489258,"orthographic":false}