{"cameraMode":{"drawMode":0,"name":"Shaded","section":"Shading Mode"},"sceneLighting":false,"audioPlay":false,"sceneViewState":{"showFog":true,"showMaterialUpdate":false,"showSkybox":false,"showFlares":true,"showImageEffects":true,"showParticleSystems":true},"in2DMode":false,"pivot":{"x":-0.017503023147583009,"y":-0.03909659385681152,"z":-0.007715731859207153},"rotation":{"x":-0.18265965580940247,"y":-0.26924383640289309,"z":0.052090685814619067,"w":-0.9441704750061035},"size":0.4427385926246643,"orthographic":false}