{"cameraMode":{"drawMode":0,"name":"Shaded","section":"Shading Mode"},"sceneLighting":false,"audioPlay":false,"sceneViewState":{"showFog":true,"showMaterialUpdate":false,"showSkybox":false,"showFlares":true,"showImageEffects":true,"showParticleSystems":true},"in2DMode":false,"pivot":{"x":1.8783576488494874,"y":-0.4510457217693329,"z":-0.17371563613414765},"rotation":{"x":-0.061983801424503329,"y":-0.8042706251144409,"z":0.08525779098272324,"w":-0.5849130749702454},"size":4.128941535949707,"orthographic":false}