{"cameraMode":{"drawMode":0,"name":"Shaded","section":"Shading Mode"},"sceneLighting":true,"audioPlay":false,"sceneViewState":{"showFog":true,"showMaterialUpdate":false,"showSkybox":true,"showFlares":true,"showImageEffects":true,"showParticleSystems":true},"in2DMode":false,"pivot":{"x":385.7762756347656,"y":-4.311296463012695,"z":66.14067840576172},"rotation":{"x":-0.007489762268960476,"y":-0.9905562400817871,"z":0.06070125848054886,"w":-0.12303570657968521},"size":74.09906005859375,"orthographic":false}