{"cameraMode":{"drawMode":0,"name":"Shaded","section":"Shading Mode"},"sceneLighting":false,"audioPlay":false,"sceneViewState":{"showFog":true,"showMaterialUpdate":true,"showSkybox":false,"showFlares":true,"showImageEffects":true,"showParticleSystems":true},"in2DMode":false,"pivot":{"x":0.01100972294807434,"y":2.3913609981536867,"z":-1.9075791835784913},"rotation":{"x":0.11580616980791092,"y":0.25589215755462649,"z":-0.03030567243695259,"w":0.9592652320861816},"size":57.89654541015625,"orthographic":false}