{"cameraMode":{"drawMode":0,"name":"Shaded","section":"Shading Mode"},"sceneLighting":false,"audioPlay":false,"sceneViewState":{"showFog":true,"showMaterialUpdate":false,"showSkybox":false,"showFlares":true,"showImageEffects":true,"showParticleSystems":true},"in2DMode":false,"pivot":{"x":0.0,"y":0.8346999883651733,"z":0.020784974098205568},"rotation":{"x":0.08046134561300278,"y":-0.5168202519416809,"z":0.049333781003952029,"w":0.8511407375335693},"size":3.9977734088897707,"orthographic":false}